Source Identifier	Activation Count
Actors>>#usingVmMirror:usingKernel:	1
_unknown_>>#`define`cls	1
Actors>>#initializer`usingVmMirror:usingKernel:	1
Actors>>#`define`cls	1
Actors>>#`define`cls	1
Actors>>#`define`cls	1
Actors>>#`define`cls	1
AllBenchmarks>>#usingPlatform:	1
_unknown_>>#`define`cls	1
AllBenchmarks>>#initializer`usingPlatform:	1
NoReportingRun>>#new	36
AllBenchmarks>>#`define`cls	1
NoReportingRun>>#runBenchmark	36
AllBenchmarks>>#all	1
AllBenchmarks>>#loadModule:	36
AllBenchmarks>>#run:in:numIter:	22
AllBenchmarks>>#run:numIter:	14
AllBenchmarks>>#createRun:named:numIter:	36
AllBenchmarks>>#runAll	1
AllBenchmarks>>#λrunAll@112@13:	36
AllBenchmarks>>#report:	36
AllBenchmarks>>#printTotal	1
AllBenchmarks>>#main:	1
Bounce>>#usingPlatform:andHarness:	1
_unknown_>>#`define`cls	1
Bounce>>#initializer`usingPlatform:andHarness:	1
Bounce>>#new	1
Bounce>>#`define`cls	1
Bounce>>#benchmark	100
Bounce>>#λbenchmark@36@45	10000
Bounce>>#λbenchmark@38@20:	5000
Bounce>>#λλbenchmark@38@20@39@19:	500000
Bounce>>#verifyResult:	100
Ball>>#new:	10000
Bounce>>#`define`cls	1
Ball>>#initializer`new:	10000
Ball>>#bounce	500000
Bounce>>#newInstance	1
Bounce>>#setupVerifiedRun:	1
Collections>>#usingKernel:	1
_unknown_>>#`define`cls	1
Collections>>#initializer`usingKernel:	1
Dictionary_class>>#new:	2
Collections>>#`define`cls	1
Dictionary_class>>#initializer`new:	2
Entry>>#new:key:value:next:	16
Dictionary>>#`define`cls	2
Entry>>#initializer`new:key:value:next:	16
Entry>>#match:key:	7114
Dictionary>>#hash:	6627
Dictionary>>#bucketIdx:	6627
Dictionary>>#bucket:	6611
Dictionary>>#at:	6611
Dictionary>>#at:ifAbsent:	6611
Dictionary>>#at:put:	16
Dictionary>>#newEntry:value:hash:	16
Dictionary>>#insertBucketEntry:value:hash:head:	2
Dictionary>>#keys	1
Dictionary>>#λkeys@297@19:	16
Dictionary_class>>#new	2
DeltaBlue>>#usingPlatform:andHarness:	1
_unknown_>>#`define`cls	1
DeltaBlue>>#initializer`usingPlatform:andHarness:	1
DeltaBlue>>#new	1
DeltaBlue>>#`define`cls	1
DeltaBlue>>#innerBenchmarkLoop:numThreads:	100
Plan>>#new	500
DeltaBlue>>#`define`cls	1
Plan>>#initializer`new	500
Plan>>#execute	14000
Plan>>#λexecute@30@16:	256000
Planner_class>>#new	200
DeltaBlue>>#`define`cls	1
Planner_class>>#initializer`new	200
Planner>>#incrementalAdd:	6900
Planner>>#incrementalRemove:	500
Planner>>#λincrementalRemove@82@23:	300
Planner>>#extractPlanFromConstraints:	500
Planner>>#λextractPlanFromConstraints@91@23:	500
Planner>>#makePlan:	500
Planner>>#addConstraintsConsuming:to:	24000
Planner>>#λaddConstraintsConsumingto@154@25:	41200
Planner>>#addPropagate:mark:	13100
Planner>>#changeVar:newValue:	400
Planner>>#λchangeVarnewValue@187@23	4000
Planner>>#constraintsConsuming:do:	6700
Planner>>#λconstraintsConsumingdo@197@9:	12700
Planner>>#newMark	7400
Planner>>#removePropagateFrom:	500
Planner>>#λλremovePropagateFrom@224@34@226@27:	12700
Planner>>#λλremovePropagateFrom@224@34@228@42:	6200
Planner_class>>#chainTest:	100
Planner_class>>#λchainTest@242@38	2100
Planner_class>>#λchainTest@245@19:	2000
Planner_class>>#λchainTest@256@21:	10000
Planner_class>>#projectionTest:	100
Planner_class>>#λprojectionTest@274@19:	2000
Planner_class>>#λprojectionTest@289@23:	1900
Planner_class>>#λprojectionTest@294@23:	1900
Strength_class>>#new:	8
DeltaBlue>>#`define`cls	1
Strength_class>>#initializer`new:	8
Strength>>#sameAs:	300
Strength>>#stronger:	13100
Strength>>#weaker:	24600
Strength>>#weakest:	20600
Strength_class>>#createStrengthTable	1
Strength_class>>#createStrengthConstants	1
Strength_class>>#λcreateStrengthConstants@364@30:	8
Strength_class>>#of:	6603
Strength_class>>#absoluteWeakest	6800
Strength_class>>#required	300
DeltaBlue>>#`define`cls	1
AbstractConstraint>>#initializer`new:	6600
AbstractConstraint>>#isInput	2400
AbstractConstraint>>#addConstraint:	6600
AbstractConstraint>>#destroyConstraint:	500
AbstractConstraint>>#inputsKnown:	6700
AbstractConstraint>>#λinputsKnown@463@22:	14600
AbstractConstraint>>#satisfy:propagate:	13400
AbstractConstraint>>#λλsatisfypropagate@495@17@499@26:	14600
DeltaBlue>>#`define`cls	1
BinaryConstraint>>#initializer`var:var:strength:addTo:	4000
BinaryConstraint>>#isSatisfied	45400
BinaryConstraint>>#addToGraph	2000
BinaryConstraint>>#chooseMethod:	10200
BinaryConstraint>>#inputsDo:	10000
BinaryConstraint>>#markUnsatisfied	6200
BinaryConstraint>>#output	63800
BinaryConstraint>>#recalculate	10000
EditConstraint>>#var:strength:addTo:	500
DeltaBlue>>#`define`cls	1
EditConstraint>>#initializer`var:strength:addTo:	500
EditConstraint>>#isInput	1000
EditConstraint>>#execute	14000
EqualityConstraint>>#var:var:strength:addTo:	2000
DeltaBlue>>#`define`cls	1
EqualityConstraint>>#initializer`var:var:strength:addTo:	2000
EqualityConstraint>>#execute	208000
ScaleConstraint>>#src:scale:offset:dst:strength:addTo:	2000
DeltaBlue>>#`define`cls	1
ScaleConstraint>>#initializer`src:scale:offset:dst:strength:addTo:	2000
ScaleConstraint>>#addToGraph	2000
ScaleConstraint>>#execute	48400
ScaleConstraint>>#inputsDo:	6400
ScaleConstraint>>#recalculate	10600
DeltaBlue>>#`define`cls	1
UnaryConstraint>>#initializer`var:strength:addTo:	2600
UnaryConstraint>>#isSatisfied	5400
UnaryConstraint>>#addToGraph	2600
UnaryConstraint>>#removeFromGraph	1000
UnaryConstraint>>#chooseMethod:	3200
UnaryConstraint>>#inputsDo:	3400
UnaryConstraint>>#markUnsatisfied	800
UnaryConstraint>>#recalculate	2900
StayConstraint>>#var:strength:addTo:	2100
DeltaBlue>>#`define`cls	1
StayConstraint>>#initializer`var:strength:addTo:	2100
StayConstraint>>#execute	2400
Variable_class>>#new	6300
DeltaBlue>>#`define`cls	1
Variable_class>>#initializer`new	6300
Variable>>#addConstraint:	14600
Variable>>#removeConstraint:	1000
Variable_class>>#value:	4200
DeltaBlue>>#newInstance	1
DeltaBlue>>#setupVerifiedRun:	1
Fannkuch>>#usingPlatform:andHarness:	1
_unknown_>>#`define`cls	1
Fannkuch>>#initializer`usingPlatform:andHarness:	1
FannkuchBenchmark>>#new	1
Fannkuch>>#`define`cls	1
FannkuchBenchmark>>#innerBenchmarkLoop:numThreads:	4
Fannkuch>>#new:	4
Fannkuch>>#`define`cls	1
Fannkuch>>#initializer`new:	4
Fannkuch>>#pfannkuchen:	20160
Fannkuch>>#λλpfannkuchen@50@51@54@29:	142440
Fannkuch>>#makeNext	20160
Fannkuch>>#λmakeNext@67@27:	34636
Fannkuch>>#λλmakeNext@67@27@70@25:	54768
Fannkuch>>#maxPfannkuchen	4
Fannkuch>>#next	20160
Fannkuch>>#createExpectedResults	1
Fannkuch>>#newInstance	1
Fannkuch>>#setupVerifiedRun:	1
Files>>#usingVmMirror:usingPlatform:	1
_unknown_>>#`define`cls	1
Files>>#initializer`usingVmMirror:usingPlatform:	1
Files>>#`define`cls	1
GCBench>>#usingPlatform:andHarness:	1
_unknown_>>#`define`cls	1
GCBench>>#initializer`usingPlatform:andHarness:	1
GCBench>>#new	1
GCBench>>#`define`cls	1
GCBench>>#innerBenchmarkLoop:numThreads:	5
GCBench>>#λinnerBenchmarkLoopnumThreads@78@32:	625000
GCBench>>#λinnerBenchmarkLoopnumThreads@81@25:	20
GCBench>>#make_tree:	45945
GCBench>>#time_constructions:	5
GCBench>>#λtime_constructions@101@18:	20
GCBench>>#time_construction:	20
GCBench>>#λtime_construction@108@28:	1890
GCBench>>#λtime_construction@114@28:	1890
GCBench>>#num_iters:	20
GCBench>>#populate:tree:	43385
GCBench>>#tree_size:	40
GCBench>>#λtree_size@135@22	280
Node_class>>#create:with:	89330
GCBench>>#`define`cls	1
Node_class>>#initializer`create:with:	89330
Node_class>>#create	67305
GCBench>>#newInstance	1
GCBench>>#setupVerifiedRun:	1
Harness>>#usingPlatform:	1
_unknown_>>#`define`cls	1
Harness>>#initializer`usingPlatform:	1
Harness>>#`define`cls	1
Benchmark>>#innerBenchmarkLoop:numThreads:	1165
Benchmark>>#λinnerBenchmarkLoopnumThreads@33@33:	1165
Benchmark>>#assert:equals:	600
Random_class>>#new:	500
Harness>>#`define`cls	1
Random_class>>#initializer`new:	500
Random>>#next	642600
Random_class>>#new	500
Harness>>#`define`cls	1
Run>>#initializer`new	36
Run>>#measure:	1276
Run>>#doRuns:	36
Run>>#λdoRuns@156@31:	1276
Json>>#usingPlatform:andHarness:	1
_unknown_>>#`define`cls	1
Json>>#initializer`usingPlatform:andHarness:	1
Json_class>>#new	1
Json>>#`define`cls	1
Json>>#benchmark	1
Json>>#verifyResult:	1
Json_class>>#RapBenchmarkMinified	1
JsonParser>>#with:	1
Json>>#`define`cls	1
JsonParser>>#initializer`with:	1
JsonParser>>#parse	1
JsonParser>>#readValue	3392
JsonParser>>#readArrayElement:	2793
JsonParser>>#readArray	553
JsonParser>>#readObjectKeyValuePair:	598
JsonParser>>#readObject	157
JsonParser>>#readName	598
JsonParser>>#readNull	590
JsonParser>>#readTrue	26
JsonParser>>#readFalse	3
JsonParser>>#readRequiredChar:	1860
JsonParser>>#readString	1351
JsonParser>>#readStringInternal	1949
JsonParser>>#readNumber	712
JsonParser>>#readFraction	712
JsonParser>>#readExponent	712
JsonParser>>#readChar:	10116
JsonParser>>#readDigit	2543
JsonParser>>#skipWhiteSpace	8690
JsonParser>>#read	25821
JsonParser>>#startCapture	2661
JsonParser>>#endCapture	2661
JsonParser>>#isWhiteSpace	8690
JsonParser>>#isDigit	2543
JsonParser>>#isEndOfText	1
HashIndexTable>>#new	157
Json>>#`define`cls	1
HashIndexTable>>#initializer`new	157
HashIndexTable>>#at:put:	598
HashIndexTable>>#at:	3
HashIndexTable>>#hashSlotFor:	601
Json>>#`define`cls	1
JsonArray_class>>#new	553
Json>>#`define`cls	1
JsonArray_class>>#initializer`new	553
JsonArray>>#add:	2793
JsonArray>>#size	1
JsonArray>>#isArray	1
JsonArray>>#asArray	1
JsonLiteral>>#new:	3
Json>>#`define`cls	1
JsonLiteral>>#initializer`new:	3
JsonNumber>>#new:	712
Json>>#`define`cls	1
JsonNumber>>#initializer`new:	712
JsonObject_class>>#new	157
Json>>#`define`cls	1
JsonObject_class>>#initializer`new	157
JsonObject>>#add:with:	598
JsonObject>>#at:	3
JsonObject>>#isObject	2
JsonObject>>#asObject	3
JsonObject>>#indexOf:	3
JsonString>>#new:	1351
Json>>#`define`cls	1
JsonString>>#initializer`new:	1351
Json>>#newInstance	1
Json>>#setupVerifiedRun:	1
Thing>>#value	1803090
Thing>>#,	1
Thing>>#Object	3077
Thing>>#Value	15
Thing>>#kernel	2
Thing>>#ifNil:	30525
Thing>>#println	109
Integer>>#negated	10
Integer>>#asString	1
Integer>>#to:do:	2236316
Integer>>#to:by:do:	2236326
Integer>>#downTo:do:	362200
Integer>>#downTo:by:do:	362200
Integer>>#timesRepeat:	440
Integer>>#λtimesRepeat@233@22:	4280
Integer>>#to:	4
Integer>>#λto@240@26:	28
Integer>>#max:	20160
String>>#asString	109
String>>#asSymbol	22
String>>#hashcode	7228
String>>#print	36
ArrayReadMixin>>#first	10100
ArrayReadMixin>>#last	10100
ArrayReadMixin>>#do:	255807
ArrayReadMixin>>#λdo@450@53:	1943541
ArrayReadMixin>>#doIndexes:	401289
ArrayReadMixin>>#λdoIndexes@452@57:	4624501
ArrayReadMixin>>#from:to:do:	20160
ArrayReadMixin>>#λfromtodo@455@64:	141120
Array>>#putAll:	141275
Array>>#λputAll@519@53:	2554190
Array>>#copyFrom:to:	20160
Array>>#λcopyFromto@526@36:	141120
Array>>#copyFrom:	20160
Array>>#copy	20160
Array_class>>#new:withAll:	141175
Block>>#value	751100
Block>>#on:do:	2001
Kernel>>#`define`cls	1
Vector_class>>#new:	22069
Kernel>>#`define`cls	1
Vector_class>>#initializer`new:	22569
Vector>>#at:	203806
Vector>>#do:	52902
Vector>>#λdo@684@36:	332244
Vector>>#,	34
Vector>>#append:	58533
Vector>>#λλappend@711@40@715@28:	26750
Vector>>#remove:	1000
Vector>>#λremove@741@16:	9300
Vector>>#isEmpty	75500
Vector>>#size	1099
Vector>>#capacity	1000
Vector>>#checkIndex:	203806
Vector>>#removeFirst	30700
Vector>>#sort:to:with:	300
Vector>>#sort:	500
Vector_class>>#new	2168
Vector_class>>#with:	13600
Kernel>>#`define`cls	1
Exception>>#signal	2000
Kernel>>#`define`cls	1
LanguageFeaturesSuite>>#usingPlatform:andHarness:	19
_unknown_>>#`define`cls	19
LanguageFeaturesSuite>>#initializer`usingPlatform:andHarness:	19
Fibonacci_class>>#new	1
LanguageFeaturesSuite>>#`define`cls	1
Fibonacci>>#benchmark	10
Fibonacci>>#fibonacci:	218910
Fibonacci>>#verifyResult:	10
Fibonacci_class>>#newInstance	1
Fibonacci_class>>#setupVerifiedRun:	1
OuterConstLoop_class>>#new	1
LanguageFeaturesSuite>>#`define`cls	1
OuterConstLoop>>#benchmark	10
OuterConstLoop>>#λbenchmark@100@24:	1000000
OuterConstLoop>>#verifyResult:	10
OuterConstLoop_class>>#newInstance	1
OuterConstLoop_class>>#setupVerifiedRun:	1
FieldLoop_class>>#new	1
LanguageFeaturesSuite>>#`define`cls	1
FieldLoop_class>>#initializer`new	1
FieldLoop>>#benchmark	10
FieldLoop>>#verifyResult:	10
FieldLoop_class>>#newInstance	1
FieldLoop_class>>#setupVerifiedRun:	1
FieldWrite_class>>#new	1
LanguageFeaturesSuite>>#`define`cls	1
FieldWrite>>#benchmark	10
FieldWrite>>#λbenchmark@177@23:	200000
FieldWrite>>#verifyResult:	10
FieldWrite_class>>#newInstance	1
FieldWrite_class>>#setupVerifiedRun:	1
IntegerLoop_class>>#new	1
LanguageFeaturesSuite>>#`define`cls	1
IntegerLoop>>#benchmark	10
IntegerLoop>>#λbenchmark@194@43:	400010
IntegerLoop>>#verifyResult:	10
IntegerLoop_class>>#newInstance	1
IntegerLoop_class>>#setupVerifiedRun:	1
Loop_class>>#new	1
LanguageFeaturesSuite>>#`define`cls	1
Loop>>#singleRun	2000
Loop>>#λsingleRun@210@21:	200000
Loop>>#benchmark	10
Loop>>#λbenchmark@219@21:	2000
Loop>>#verifyResult:	10
Loop_class>>#newInstance	1
Loop_class>>#setupVerifiedRun:	1
NonLocalReturn_class>>#new	1
LanguageFeaturesSuite>>#`define`cls	1
NonLocalReturn>>#first:	2000
NonLocalReturn>>#second:	2000
NonLocalReturn>>#third:	2000
NonLocalReturn>>#nlr	2000
NonLocalReturn>>#λnlr@237@25	2000
NonLocalReturn>>#benchmark	10
NonLocalReturn>>#λbenchmark@242@21:	2000
NonLocalReturn>>#verifyResult:	10
NonLocalReturn_class>>#newInstance	1
NonLocalReturn_class>>#setupVerifiedRun:	1
Exceptions_class>>#new	1
LanguageFeaturesSuite>>#`define`cls	1
ReturnEx>>#signal:	2000
Exceptions>>#`define`cls	1
ReturnEx>>#initializer`signal:	2000
Exceptions>>#first:	2000
Exceptions>>#second:	2000
Exceptions>>#third:	2000
Exceptions>>#throw	2000
Exceptions>>#benchmark	10
Exceptions>>#λλbenchmark@268@21@269@9	2000
Exceptions>>#λbenchmark@268@21:	2000
Exceptions>>#λλbenchmark@268@21@271@15:	2000
Exceptions>>#verifyResult:	10
Exceptions_class>>#newInstance	1
Exceptions_class>>#setupVerifiedRun:	1
Recurse_class>>#new	1
LanguageFeaturesSuite>>#`define`cls	1
Recurse>>#benchmark	10
Recurse>>#recurse:	163830
Recurse>>#verifyResult:	10
Recurse_class>>#newInstance	1
Recurse_class>>#setupVerifiedRun:	1
Sum_class>>#new	1
LanguageFeaturesSuite>>#`define`cls	1
Sum>>#benchmark	10
Sum>>#λbenchmark@305@19:	20
Sum>>#sumFrom:to:	20
Sum>>#λsumFromto@312@25:	200000
Sum>>#verifyResult:	10
Sum_class>>#newInstance	1
Sum_class>>#setupVerifiedRun:	1
WhileLoop_class>>#new	1
LanguageFeaturesSuite>>#`define`cls	1
WhileLoop>>#singleRun	200
WhileLoop>>#benchmark	10
WhileLoop>>#verifyResult:	10
WhileLoop_class>>#newInstance	1
WhileLoop_class>>#setupVerifiedRun:	1
WhileLoopPoly_class>>#new	1
LanguageFeaturesSuite>>#`define`cls	1
WhileLoopPoly>>#singleRun	200
WhileLoopPoly>>#benchmark	10
WhileLoopPoly>>#verifyResult:	10
WhileLoopPoly_class>>#newInstance	1
WhileLoopPoly_class>>#setupVerifiedRun:	1
VectorRead_class>>#new	1
LanguageFeaturesSuite>>#`define`cls	1
VectorRead>>#singleRun	200
VectorRead>>#benchmark	10
VectorRead>>#verifyResult:	10
VectorRead_class>>#newInstance	1
VectorRead_class>>#setupVerifiedRun:	1
Dispatch_class>>#new	1
LanguageFeaturesSuite>>#`define`cls	1
Dispatch>>#benchmark	10
Dispatch>>#λbenchmark@418@23:	200000
Dispatch>>#method:	200000
Dispatch>>#verifyResult:	10
Dispatch_class>>#newInstance	1
Dispatch_class>>#setupVerifiedRun:	1
DispatchNoArg_class>>#new	1
LanguageFeaturesSuite>>#`define`cls	1
DispatchNoArg>>#benchmark	10
DispatchNoArg>>#λbenchmark@436@23:	200000
DispatchNoArg>>#method	200000
DispatchNoArg>>#verifyResult:	10
DispatchNoArg_class>>#newInstance	1
DispatchNoArg_class>>#setupVerifiedRun:	1
DispatchPerformNoArg_class>>#new	1
LanguageFeaturesSuite>>#`define`cls	1
DispatchPerformNoArg>>#benchmark	10
DispatchPerformNoArg>>#λbenchmark@475@23:	200000
DispatchPerformNoArg>>#method	200000
DispatchPerformNoArg>>#verifyResult:	10
DispatchPerformNoArg_class>>#newInstance	1
DispatchPerformNoArg_class>>#setupVerifiedRun:	1
ObjectLiterals_class>>#new	1
LanguageFeaturesSuite>>#`define`cls	1
ObjectLiterals>>#benchmark	1
ObjectLiterals>>#`define`cls	2000
objL@607@15>>#inc	1000
ObjectLiterals>>#λbenchmark@606@22:	1000
ObjectLiterals>>#verifyResult:	1
ObjectLiterals_class>>#newInstance	1
ObjectLiterals_class>>#setupVerifiedRun:	1
ObjectLiterals2_class>>#new	1
LanguageFeaturesSuite>>#`define`cls	1
ObjectLiterals2_class>>#initializer`new	1
ObjectLiterals2>>#inc	1000
ObjectLiterals2>>#`define`cls	2000
objL@624@13>>#inc	1000
ObjectLiterals2>>#benchmark	1
ObjectLiterals2>>#λbenchmark@629@22:	1000
ObjectLiterals2>>#verifyResult:	1
ObjectLiterals2_class>>#newInstance	1
ObjectLiterals2_class>>#setupVerifiedRun:	1
ObjectLiterals3_class>>#new	1
LanguageFeaturesSuite>>#`define`cls	1
ObjectLiterals3>>#inc:	1000
ObjectLiterals3>>#`define`cls	2000
objL@645@13>>#inc	1000
ObjectLiterals3>>#benchmark	1
ObjectLiterals3>>#λbenchmark@652@22:	1000
ObjectLiterals3>>#verifyResult:	1
ObjectLiterals3_class>>#newInstance	1
ObjectLiterals3_class>>#setupVerifiedRun:	1
List>>#usingPlatform:andHarness:	1
_unknown_>>#`define`cls	1
List>>#initializer`usingPlatform:andHarness:	1
List>>#new	1
List>>#`define`cls	1
List>>#benchmark	100
List>>#verifyResult:	100
List>>#makeList:	3400
List>>#isShorter:than:	280900
List>>#talkWithX:withY:withZ:	280900
ListElement>>#new:	3100
List>>#`define`cls	1
ListElement>>#initializer`new:	3100
ListElement>>#length	1000
List>>#newInstance	1
List>>#setupVerifiedRun:	1
Mandelbrot>>#usingPlatform:andHarness:	1
_unknown_>>#`define`cls	1
Mandelbrot>>#initializer`usingPlatform:andHarness:	1
Mandelbrot>>#new	1
Mandelbrot>>#`define`cls	1
Mandelbrot>>#innerBenchmarkLoop:numThreads:	1
Mandelbrot>>#verify:inner:	1
Mandelbrot>>#mandelbrot:	1
Mandelbrot>>#newInstance	1
Mandelbrot>>#setupVerifiedRun:	1
Mirrors>>#usingVmMirror:	1
_unknown_>>#`define`cls	1
Mirrors>>#initializer`usingVmMirror:	1
ObjectMirror>>#reflecting:	32
Mirrors>>#`define`cls	1
ObjectMirror>>#initializer`reflecting:	32
ObjectMirror>>#perform:	200022
NBody>>#usingPlatform:andHarness:	1
_unknown_>>#`define`cls	1
NBody>>#initializer`usingPlatform:andHarness:	1
NBody>>#new	1
NBody>>#`define`cls	1
NBody>>#innerBenchmarkLoop:numThreads:	1
NBody>>#λinnerBenchmarkLoopnumThreads@23@35:	250000
NBodySystem>>#new	1
NBody>>#`define`cls	1
NBodySystem>>#initializer`new	1
NBodySystem>>#createBodies	1
NBodySystem>>#λcreateBodies@50@18:	5
NBodySystem>>#advance:	250000
NBodySystem>>#λadvance@63@29:	1250000
NBodySystem>>#λλadvance@63@29@67@35:	2500000
NBodySystem>>#λadvance@88@18:	1250000
NBodySystem>>#energy	1
NBodySystem>>#λenergy@99@29:	5
NBodySystem>>#λλenergy@99@29@108@35:	10
Body_class>>#new	5
NBody>>#`define`cls	1
Body_class>>#initializer`new	5
Body>>#offsetMomentumX:y:z:	1
Body_class>>#Pi	16
Body_class>>#SolarMass	8
Body_class>>#DaysPerYear	12
Body_class>>#jupiter	1
Body_class>>#saturn	1
Body_class>>#uranus	1
Body_class>>#neptune	1
Body_class>>#sun	1
NBody>>#newInstance	1
NBody>>#setupVerifiedRun:	1
Permute>>#usingPlatform:andHarness:	1
_unknown_>>#`define`cls	1
Permute>>#initializer`usingPlatform:andHarness:	1
Permute>>#new	1
Permute>>#`define`cls	1
Permute>>#benchmark	100
Permute>>#verifyResult:	100
Permute>>#permute:	866000
Permute>>#λλpermute@44@17@46@27:	503900
Permute>>#swap:with:	1007800
Permute>>#newInstance	1
Permute>>#setupVerifiedRun:	1
Platform>>#usingVmMirror:	1
_unknown_>>#`define`cls	1
Platform>>#initializer`usingVmMirror:	1
Platform>>#start	1
Platform>>#λstart@31@5	1
Processes>>#usingVmMirror:	1
_unknown_>>#`define`cls	1
Processes>>#initializer`usingVmMirror:	1
Processes>>#`define`cls	1
Processes>>#`define`cls	1
Processes>>#`define`cls	1
Queens>>#usingPlatform:andHarness:	1
_unknown_>>#`define`cls	1
Queens>>#initializer`usingPlatform:andHarness:	1
Queens>>#new	1
Queens>>#`define`cls	1
Queens>>#benchmark	100
Queens>>#λbenchmark@31@20:	1000
Queens>>#verifyResult:	100
Queens>>#queens	1000
Queens>>#placeQueen:	113000
Queens>>#λplaceQueen@48@19:	876000
Queens>>#row:column:	876000
Queens>>#row:column:put:	218000
Queens>>#newInstance	1
Queens>>#setupVerifiedRun:	1
Richards>>#usingPlatform:andHarness:	1
_unknown_>>#`define`cls	1
Richards>>#initializer`usingPlatform:andHarness:	1
Richards>>#new	1
Richards>>#`define`cls	1
Richards>>#benchmark	1
Richards>>#verifyResult:	1
RichardsBenchmarks>>#new	1
Richards>>#`define`cls	1
RichardsBenchmarks>>#createDevice:priority:work:state:	2
RichardsBenchmarks>>#λcreateDevicepriorityworkstate@40@19::	27884
RichardsBenchmarks>>#createHandler:priority:work:state:	2
RichardsBenchmarks>>#λcreateHandlerpriorityworkstate@65@24::	23252
RichardsBenchmarks>>#createIdler:priority:work:state:	1
RichardsBenchmarks>>#λcreateIdlerpriorityworkstate@101@24::	10000
RichardsBenchmarks>>#createPacket:identity:kind:	8
RichardsBenchmarks>>#createTask:priority:work:state:function:data:	6
RichardsBenchmarks>>#createWorker:priority:work:state:	1
RichardsBenchmarks>>#λcreateWorkerpriorityworkstate@144@24::	4654
RichardsBenchmarks>>#λλλcreateWorkerpriorityworkstate@144@24@149@25@155@30:	9308
RichardsBenchmarks>>#start	1
RichardsBenchmarks>>#findTask:	33245
RichardsBenchmarks>>#holdSelf	9297
RichardsBenchmarks>>#initScheduler	1
RichardsBenchmarks>>#initTrace	1
RichardsBenchmarks>>#queuePacket:	23246
RichardsBenchmarks>>#release:	9999
RichardsBenchmarks>>#wait	23248
RichardsBenchmarks>>#schedule	1
Richards>>#`define`cls	1
RBObject>>#append:head:	20114
DeviceTaskDataRecord>>#create	2
Richards>>#`define`cls	1
DeviceTaskDataRecord>>#initializer`create	2
HandlerTaskDataRecord>>#create	2
Richards>>#`define`cls	1
HandlerTaskDataRecord>>#initializer`create	2
HandlerTaskDataRecord>>#deviceInAdd:	9300
HandlerTaskDataRecord>>#workInAdd:	2327
IdleTaskDataRecord>>#create	1
Richards>>#`define`cls	1
IdleTaskDataRecord>>#initializer`create	1
Packet>>#create:identity:kind:	8
Richards>>#`define`cls	1
Packet>>#initializer`create:identity:kind:	8
TaskState_class>>#new	6
Richards>>#`define`cls	1
TaskState>>#isPacketPending	6
TaskState>>#isTaskHolding	6
TaskState>>#isTaskWaiting	6
TaskState>>#taskHolding:	19302
TaskState>>#taskWaiting:	23254
TaskState>>#packetPending:	14765
TaskState>>#packetPending	8490
TaskState>>#running	14761
TaskState>>#waiting	2
TaskState>>#waitingWithPacket	3
TaskState>>#isTaskHoldingOrWaiting	106604
TaskState>>#isWaitingWithPacket	65790
TaskState_class>>#running	1
TaskState_class>>#waiting	2
TaskState_class>>#waitingWithPacket	3
TaskControlBlock>>#link:create:priority:initialWorkQueue:initialState:function:privateData:	6
Richards>>#`define`cls	1
TaskControlBlock>>#initializer`link:create:priority:initialWorkQueue:initialState:function:privateData:	6
TaskControlBlock>>#addInput:checkPriority:	23246
TaskControlBlock>>#runTask	65790
WorkerTaskDataRecord>>#create	1
Richards>>#`define`cls	1
WorkerTaskDataRecord>>#initializer`create	1
Richards>>#newInstance	1
Richards>>#setupVerifiedRun:	1
Sieve>>#usingPlatform:andHarness:	1
_unknown_>>#`define`cls	1
Sieve>>#initializer`usingPlatform:andHarness:	1
Sieve>>#new	1
Sieve>>#`define`cls	1
Sieve>>#benchmark	100
Sieve>>#verifyResult:	100
Sieve>>#sieve:size:	100
Sieve>>#λsievesize@43@22:	499900
Sieve>>#newInstance	1
Sieve>>#setupVerifiedRun:	1
Sort>>#usingPlatform:andHarness:	3
_unknown_>>#`define`cls	3
Sort>>#initializer`usingPlatform:andHarness:	3
Sort>>#`define`cls	3
Sort>>#benchmark	300
Sort>>#verifyResult:	200
Sort>>#λverifyResult@43@32:	92600
Sort>>#randomArray:with:	300
Sort>>#λrandomArraywith@51@42	193000
Sort>>#λrandomArraywith@53@19:	193000
BubbleSort_class>>#new	1
Sort>>#`define`cls	1
BubbleSort>>#sort:	100
BubbleSort>>#λsort@62@32:	13000
BubbleSort>>#λλsort@62@32@63@25:	838500
BubbleSort>>#dataSize	100
BubbleSort_class>>#newInstance	1
BubbleSort_class>>#setupVerifiedRun:	1
QuickSort_class>>#new	1
Sort>>#`define`cls	1
QuickSort>>#sort:	100
QuickSort>>#sort:low:high:	69900
QuickSort>>#dataSize	200
QuickSort_class>>#newInstance	1
QuickSort_class>>#setupVerifiedRun:	1
TreeNode>>#new:	100000
Sort>>#`define`cls	1
TreeNode>>#initializer`new:	100000
TreeNode>>#check	100000
TreeNode>>#insert:	1115900
TreeSort_class>>#new	1
Sort>>#`define`cls	1
TreeSort>>#sort:	100
TreeSort>>#λsort@142@26:	100000
TreeSort>>#verifyResult:	100
TreeSort>>#dataSize	100
TreeSort_class>>#newInstance	1
TreeSort_class>>#setupVerifiedRun:	1
Storage>>#usingPlatform:andHarness:	1
_unknown_>>#`define`cls	1
Storage>>#initializer`usingPlatform:andHarness:	1
Storage>>#new	1
Storage>>#`define`cls	1
Storage>>#benchmark	100
Storage>>#verifyResult:	100
Storage>>#buildTreeDepth:with:	546100
Storage>>#λλbuildTreeDepthwith@46@20@47@37	546000
Storage>>#newInstance	1
Storage>>#setupVerifiedRun:	1
Streams_class>>#usingPlatform:	1
_unknown_>>#`define`cls	1
Streams_class>>#initializer`usingPlatform:	1
Streams>>#`define`cls	1
Streams>>#`define`cls	1
Streams>>#`define`cls	1
Streams>>#`define`cls	1
Streams>>#`define`cls	1
Streams>>#`define`cls	1
Streams>>#`define`cls	1
Streams>>#`define`cls	1
Streams>>#`define`cls	1
Streams>>#`define`cls	1
Streams>>#`define`cls	1
System>>#usingVmMirror:	1
_unknown_>>#`define`cls	1
System>>#initializer`usingVmMirror:	1
System>>#arguments	1
System>>#loadModule:	1
System>>#loadModule:nextTo:	37
_unknown_>>#initializer`new	248148
Threading>>#usingVmMirror:usingKernel:	1
_unknown_>>#`define`cls	1
Threading>>#initializer`usingVmMirror:usingKernel:	1
Threading>>#`define`cls	1
Threading>>#`define`cls	1
Threading>>#`define`cls	1
Threading>>#`define`cls	1
Towers>>#usingPlatform:andHarness:	1
_unknown_>>#`define`cls	1
Towers>>#initializer`usingPlatform:andHarness:	1
Towers>>#new	1
Towers>>#`define`cls	1
Towers>>#pushDisk:onPile:	820500
Towers>>#popDiskFrom:	819100
Towers>>#moveTopDiskFrom:to:	819100
Towers>>#buildTowerAt:disks:	100
Towers>>#λbuildTowerAtdisks@61@27:	1400
Towers>>#move:disksFrom:to:	819100
Towers>>#benchmark	100
Towers>>#verifyResult:	100
TowersDisk>>#new:	1400
Towers>>#`define`cls	1
TowersDisk>>#initializer`new:	1400
Towers>>#newInstance	1
Towers>>#setupVerifiedRun:	1
Transactions>>#usingVmMirror:usingKernel:	1
_unknown_>>#`define`cls	1
Transactions>>#initializer`usingVmMirror:usingKernel:	1
